predicate,acc,bal_acc,acc_auc,full_acc,f1,f2,f05,pauc,mR@10,mNgR@10,mR@20,mNgR@20,mR@50,mNgR@50,mR@-1,mNgR@-1,R@10,NgR@10,R@20,NgR@20,R@50,NgR@50,R@-1,NgR@-1
mean,0.8035620419890492,0.8034468319816715,0.7847949237374544,0.9251869806094182,0.18735007196662282,0.284092241825855,0.8035620419890491,0.9046251097545371,0.2176286837886184,0.3003728984908952,0.2502229586645855,0.3890737058320609,0.27217255049058126,0.4675599215810816,0.18351362150822295,0.213803187197173,0.1914794006930379,0.23715344415072856,0.22685195061542707,0.3164554704649682,0.24896120460341326,0.419037457321726,0.15328455312749673,0.1617712675053457
NONE,0.5047463565022422,0.5047773640472631,0.506083075046162,0.47657894736842105,0.08001850138760407,0.052679658952496954,0.16634615384615384,0.5301455716932699,,,,,,,,,,,,,,,,
over,0.8783205374280232,0.87935240861362,0.8649198374167325,0.8630263157894736,0.47344461305007585,0.6610169491525424,0.36879432624113473,0.9137653772519025,0.4514417531718568,0.42539407920030736,0.5118992695117263,0.4900807381776239,0.5465013456362936,0.5451364859669355,0.3894463667820069,0.36118800461361017,,,,,,,,
in front of,0.6875378787878786,0.6881035853987112,0.6838324420677362,0.9647368421052631,0.28342245989304815,0.3441558441558441,0.2409090909090909,0.9258969583353621,0.08185358255451713,0.08045171339563863,0.14894859813084113,0.1647196261682243,0.2145638629283489,0.3186721183800623,0.033177570093457946,0.020677570093457946,,,,,,,,
beside,0.572637614678899,0.5732521953971847,0.5932245008094982,0.9406578947368421,0.15065913370998116,0.1687763713080169,0.1360544217687075,0.8486766719941141,0.03913305879011645,0.03345758780649437,0.08193458297832054,0.09422630881378395,0.11943734418883524,0.23487645555239994,0.014712912998201268,0.007032803180914513,,,,,,,,
on,0.6551916757940853,0.6550416356072358,0.6573838670188776,0.8664473684210526,0.40399295361127424,0.3872129671319226,0.422293150012276,0.819027977811159,0.1495132979317432,0.14778509727061565,0.16361481506298592,0.2125036295005808,0.16886307290270713,0.31189261703743393,0.1306362654114179,0.10659570993031361,,,,,,,,
in,0.7760893854748603,0.7751662013055205,0.7698093986197831,0.9442105263157895,0.335423197492163,0.4553191489361702,0.2655086848635236,0.9349422859332455,0.12500994826900116,0.237266215678472,0.1552792147499668,0.300358137684043,0.16085024539063533,0.3735707653534952,0.0983618517044701,0.1307666799310253,,,,,,,,
attached to,0.5991284403669724,0.5992452506593027,0.6105518078791149,0.9522368421052632,0.21258134490238612,0.21973094170403587,0.20588235294117646,0.8286950156467877,0.09753914988814319,0.07774049217002237,0.14384787472035793,0.1498881431767338,0.1559284116331096,0.2823266219239374,0.05380313199105146,0.03456375838926175,,,,,,,,
hanging from,0.9713888888888889,0.9718329514072508,0.9514950980392156,0.9714473684210526,0.2439024390243902,0.4430379746835442,0.16826923076923073,0.9897210470650449,0.2647058823529412,0.2857142857142857,0.2857142857142857,0.3067226890756303,0.3067226890756303,0.35294117647058826,0.20378151260504201,0.25210084033613445,,,,,,,,
on back of,0.6061538461538462,0.6051038720077866,0.5991628959276019,0.9781578947368421,0.03488372093023256,0.07109004739336493,0.023112480739599383,0.9030020987316362,0.0,0.0,0.02564102564102564,0.14102564102564102,0.07692307692307693,0.2692307692307692,0.0,0.0,,,,,,,,
falling off,,,,,,,,,0.0,0.0,0.0,0.0,0.0,0.3333333333333333,0.0,0.0,,,,,,,,
going down,0.9925,0.9903238546603476,0.9833088235294117,0.9806578947368421,0.05161290322580646,0.11976047904191617,0.03289473684210526,0.9980252764612955,0.26666666666666666,0.4,0.26666666666666666,0.4,0.26666666666666666,0.4,0.2,0.2,,,,,,,,
painted on,0.495,0.4946703513620213,0.49264705882352944,0.9892105263157894,0.0,0.0,0.0,0.6896960126332412,0.0,0.0,0.0,0.0,0.0,0.0,0.0,0.0,,,,,,,,
walking on,0.8099999999999998,0.8095046854082999,0.7724932126696832,0.9152631578947369,0.22033898305084743,0.3741776315789474,0.15614275909402883,0.9370672433323035,0.1882882882882883,0.20675675675675675,0.2527027027027027,0.3797297297297296,0.27612612612612614,0.5783783783783784,0.14684684684684685,0.12837837837837837,,,,,,,,
running on,0.8995238095238095,0.8994631988810342,0.8757633053221289,0.9413157894736842,0.138996138996139,0.27950310559006214,0.09249743062692703,0.9702081679456646,0.4379084967320262,0.5490196078431373,0.4379084967320262,0.5947712418300654,0.4379084967320262,0.633986928104575,0.4183006535947713,0.37254901960784315,,,,,,,,
crossing,0.7105263157894739,0.7126368552961351,0.7008359133126933,0.9503947368421053,0.04556962025316456,0.0995575221238938,0.029546946815495728,0.8172022854921237,0.07142857142857142,0.1,0.11428571428571428,0.22857142857142856,0.14285714285714285,0.5142857142857142,0.04285714285714286,0.02857142857142857,,,,,,,,
standing on,0.8476969696969698,0.8474031928639907,0.7998003565062389,0.8685526315789474,0.35255994815294883,0.5369127516778522,0.2624469316866075,0.9247449043391271,0.2270791749833666,0.33544023064981154,0.24644045242847637,0.4679751607895321,0.2544244843646041,0.57507207806609,0.20239520958083834,0.18740297183410956,,,,,,,,
lying on,0.9267142857142858,0.9283164951373808,0.9030168067226891,0.9705263157894737,0.2167832167832168,0.39641943734015345,0.14918190567853706,0.9852100840336134,0.22769953051643188,0.3333333333333333,0.2417840375586854,0.41784037558685444,0.25586854460093894,0.46713615023474175,0.1948356807511737,0.2136150234741784,,,,,,,,
sitting on,0.8670220588235295,0.8684115125149738,0.8298529411764706,0.9613157894736842,0.4166666666666666,0.5756578947368421,0.3264925373134328,0.9637909022129753,0.2057971014492754,0.29999999999999993,0.22518115942028988,0.37101449275362325,0.2338768115942029,0.4483695652173914,0.1949275362318841,0.24492753623188407,,,,,,,,
flying over,0.9416666666666668,0.9406241309152652,0.9297058823529413,0.9922368421052632,0.21333333333333335,0.39215686274509803,0.14652014652014653,0.9948916114111741,0.2391025641025641,0.24551282051282053,0.3557692307692308,0.36217948717948717,0.3621794871794872,0.41346153846153844,0.11346153846153847,0.15192307692307694,,,,,,,,
jumping over,0.738125,0.7410432033719705,0.6897794117647059,0.9815789473684211,0.05405405405405405,0.11627906976744184,0.035211267605633804,0.9633331138040042,0.0,0.125,0.0625,0.5,0.0625,0.5,0.0,0.0625,,,,,,,,
jumping from,0.7836666666666665,0.7804878048780488,0.7930196078431373,0.9602631578947368,0.05625,0.12328767123287672,0.03643724696356275,0.9334651724895627,0.2222222222222222,0.37037037037037035,0.25925925925925924,0.4444444444444444,0.25925925925925924,0.5185185185185185,0.18518518518518517,0.25925925925925924,,,,,,,,
wearing,0.9075641025641028,0.9063345809556924,0.8987104072398191,0.9903947368421052,0.63681592039801,0.7356321839080461,0.5614035087719299,0.9825179473544271,0.33434959349593496,0.3704268292682927,0.36636178861788615,0.41666666666666663,0.383130081300813,0.4532520325203252,0.2936991869918699,0.3384146341463415,,,,,,,,
holding,0.9479499999999998,0.9478378378378378,0.9305485294117647,0.9505263157894737,0.5013262599469496,0.6979320531757754,0.3911423841059603,0.9865837837837839,0.21103896103896108,0.4261904761904761,0.25844155844155847,0.5186147186147185,0.29004329004329,0.5911255411255412,0.18333333333333335,0.3573593073593074,,,,,,,,
carrying,0.9483333333333333,0.9487424236696531,0.9440826330532213,0.9922368421052632,0.562962962962963,0.7279693486590038,0.45893719806763283,0.9925748812359027,0.2592592592592593,0.2791005291005291,0.31878306878306883,0.34523809523809523,0.3373015873015873,0.39285714285714285,0.22751322751322753,0.2433862433862434,,,,,,,,
looking at,0.7115566037735848,0.7099616800358526,0.6912541620421753,0.9415789473684211,0.1838235294117647,0.29002320185614844,0.1345532831001076,0.9051096222890262,0.014204545454545454,0.0703125,0.036931818181818184,0.1924715909090909,0.0819128787878788,0.4029356060606061,0.002840909090909091,0.01278409090909091,,,,,,,,
guiding,0.7425,0.7439457752040011,0.7485294117647059,0.9877631578947368,0.02105263157894737,0.049504950495049514,0.013368983957219253,0.9638062648065282,0.0,0.07692307692307693,0.15384615384615385,0.15384615384615385,0.15384615384615385,0.38461538461538464,0.0,0.07692307692307693,,,,,,,,
kissing,0.9875,0.9882205843643064,0.9825,0.9764473684210526,0.02185792349726776,0.052910052910052914,0.013774104683195593,0.9924980257962622,1.0,1.0,1.0,1.0,1.0,1.0,1.0,1.0,,,,,,,,
eating,0.9329347826086958,0.9344660473575761,0.9149744245524297,0.9771052631578947,0.3203125,0.5203045685279187,0.2313769751693002,0.9787011776081778,0.3362573099415205,0.4795321637426901,0.3362573099415205,0.5935672514619882,0.3362573099415205,0.6549707602339181,0.260233918128655,0.30994152046783624,,,,,,,,
drinking,1.0,0.9970379146919431,0.9840441176470588,0.9940789473684211,0.15094339622641506,0.30769230769230765,0.09999999999999999,0.9979923644023171,0.42857142857142855,0.42857142857142855,0.42857142857142855,0.42857142857142855,0.5714285714285714,0.42857142857142855,0.42857142857142855,0.2857142857142857,,,,,,,,
feeding,0.9816666666666667,0.9854547847834672,0.977156862745098,0.9709210526315789,0.026431718061674006,0.0635593220338983,0.01668520578420467,0.9971041200473871,0.5555555555555556,0.4444444444444444,0.6666666666666666,0.6666666666666666,0.6666666666666666,0.6666666666666666,0.3333333333333333,0.3333333333333333,,,,,,,,
biting,0.988125,0.9874209694415174,0.9563235294117647,0.9748684210526316,0.07729468599033817,0.17316017316017315,0.04975124378109453,0.9934635142255006,0.5,0.5,0.5833333333333334,0.75,0.5833333333333334,0.75,0.4583333333333333,0.375,,,,,,,,
catching,0.865625,0.866240779768177,0.8566176470588235,0.9822368421052632,0.0816326530612245,0.1754385964912281,0.05319148936170213,0.9716313224446786,0.13333333333333333,0.5333333333333333,0.13333333333333333,0.6,0.13333333333333333,0.6666666666666666,0.13333333333333333,0.26666666666666666,,,,,,,,
picking,0.5,0.49993420186866694,0.5,0.9997368421052631,0.0,0.0,0.0,0.9790761942360836,0.0,0.0,0.0,0.0,0.0,0.0,0.0,0.0,,,,,,,,
playing with,0.8440909090909088,0.8418284838102996,0.7854278074866309,0.9560526315789474,0.045714285714285714,0.10443864229765014,0.02926115581565472,0.9454114208363781,0.046875,0.203125,0.046875,0.28125,0.046875,0.578125,0.046875,0.03125,,,,,,,,
chasing,0.75,0.7455909449855225,0.6323529411764706,0.9910526315789474,0.028571428571428574,0.06578947368421052,0.018248175182481754,0.988418004738089,0.08333333333333333,0.16666666666666666,0.08333333333333333,0.375,0.25,0.47222222222222227,0.0,0.0,,,,,,,,
climbing,0.6225,0.6224328593996841,0.6175,0.9944736842105263,0.045454545454545456,0.08928571428571429,0.030487804878048783,0.8692403896787783,0.25,0.25,0.25,0.25,0.25,0.25,0.25,0.25,,,,,,,,
cleaning,0.6633333333333336,0.6625202930981527,0.7294117647058823,0.9914473684210526,0.029850746268656716,0.06578947368421052,0.019305019305019305,0.8150146987846079,0.14285714285714285,0.14285714285714285,0.14285714285714285,0.2857142857142857,0.14285714285714285,0.2857142857142857,0.14285714285714285,0.14285714285714285,,,,,,,,
playing,0.9329605263157896,0.9328149920255183,0.9113622291021671,0.9830263157894736,0.5095057034220533,0.6822810590631365,0.4065533980582524,0.9829772797224322,0.36386666666666667,0.47426666666666667,0.3718666666666667,0.5878666666666666,0.3798666666666667,0.6498666666666667,0.33986666666666665,0.37826666666666664,,,,,,,,
touching,0.7648148148148146,0.7622278953983694,0.7672984749455337,0.9306578947368421,0.057245080500894455,0.125,0.037122969837587005,0.9366169285619966,0.058823529411764705,0.27450980392156865,0.09803921568627451,0.45098039215686275,0.09803921568627451,0.5686274509803921,0.058823529411764705,0.0784313725490196,,,,,,,,
pushing,0.7819999999999999,0.7861092824226465,0.7415294117647059,0.9719736842105263,0.027397260273972608,0.0641025641025641,0.017421602787456445,0.8991178406846609,0.16666666666666666,0.16666666666666666,0.16666666666666666,0.16666666666666666,0.16666666666666666,0.16666666666666666,0.16666666666666666,0.16666666666666666,,,,,,,,
pulling,0.8625,0.8690758293838863,0.8586029411764706,0.9880263157894736,0.061855670103092786,0.13761467889908258,0.0398936170212766,0.9687993680884676,0.0,0.20454545454545456,0.045454545454545456,0.36363636363636365,0.045454545454545456,0.5681818181818182,0.0,0.09090909090909091,,,,,,,,
opening,1.0,0.9988814317673378,1.0,0.9977631578947368,0.10526315789473684,0.22727272727272727,0.06849315068493152,1.0,0.5,0.5,0.5,0.5,0.5,0.5,0.5,0.5,,,,,,,,
cooking,,,,,,,,,0.0,0.2,0.2,0.2,0.2,0.2,0.0,0.2,,,,,,,,
talking to,0.9808333333333334,0.9818936002106926,0.9620098039215687,0.9638157894736842,0.041811846689895474,0.09836065573770493,0.026548672566371685,0.9859318760424898,0.21052631578947367,0.11403508771929824,0.23684210526315788,0.2894736842105263,0.32456140350877194,0.40350877192982454,0.05263157894736842,0.05263157894736842,,,,,,,,
throwing,0.9966666666666667,0.9965090238440258,0.9868627450980393,0.9930263157894736,0.2535211267605634,0.45918367346938777,0.17509727626459143,0.998360631742268,0.08333333333333333,0.8333333333333334,0.08333333333333333,0.9166666666666666,0.08333333333333333,0.9166666666666666,0.08333333333333333,0.5,,,,,,,,
slicing,1.0,0.9968412740194788,0.9876470588235294,0.9936842105263158,0.07692307692307693,0.1724137931034483,0.04950495049504951,0.9968412740194788,0.16666666666666666,0.3333333333333333,0.16666666666666666,0.4166666666666667,0.25,0.5,0.041666666666666664,0.20833333333333334,,,,,,,,
driving,0.995,0.9934791200105388,0.9343790849673203,0.9869736842105263,0.15384615384615385,0.3125,0.10204081632653061,0.9957991188395615,0.11627906976744186,0.19767441860465115,0.11627906976744186,0.19767441860465115,0.11627906976744186,0.19767441860465115,0.11627906976744186,0.13953488372093023,,,,,,,,
riding,0.8587096774193549,0.86006322414492,0.8689120809614167,0.9857894736842105,0.5573770491803279,0.6500956022944551,0.4878048780487805,0.9721134826133602,0.12681159420289856,0.4666666666666666,0.1579710144927536,0.5876811594202899,0.1688405797101449,0.6988405797101449,0.11811594202898551,0.36884057971014483,,,,,,,,
parked on,0.9685211267605633,0.968959506570126,0.9391797845898924,0.939078947368421,0.3801874163319946,0.6052855924978686,0.27712724434035907,0.9748818737040101,0.2495934959349594,0.3715156794425087,0.27926829268292686,0.4844076655052264,0.2890243902439024,0.5328397212543553,0.21707317073170734,0.32720673635307784,,,,,,,,
driving on,0.9505084745762712,0.9499189798694088,0.9431987371219673,0.9452631578947368,0.4482758620689656,0.6575875486381322,0.3400402414486922,0.9777984292217425,0.4479910714285714,0.5729910714285714,0.4651041666666667,0.6201636904761906,0.4651041666666667,0.6517857142857143,0.4152529761904762,0.48392857142857143,,,,,,,,
about to hit,0.935625,0.9357858649789029,0.9380330882352941,0.9963157894736843,0.4999999999999999,0.6730769230769231,0.3977272727272727,0.9901849287974683,0.6666666666666666,0.6666666666666666,0.7037037037037037,0.7777777777777778,0.7407407407407407,0.8518518518518519,0.48148148148148145,0.5185185185185185,,,,,,,,
kicking,0.87375,0.8714454976303317,0.8141911764705883,0.9927631578947368,0.09836065573770492,0.20547945205479454,0.06465517241379311,0.8990258030542391,0.5,0.5,0.5,0.75,0.5,0.75,0.5,0.25,,,,,,,,
swinging,0.9925806451612904,0.9922711058263971,0.9896110056925997,0.9846052631578948,0.3463687150837989,0.5698529411764707,0.24879614767255218,0.9965905071194473,0.6842105263157895,0.868421052631579,0.6842105263157895,0.868421052631579,0.6842105263157895,0.868421052631579,0.631578947368421,0.8421052631578947,,,,,,,,
entering,1.0,0.9946045532306882,0.7647058823529411,0.9892105263157894,0.02380952380952381,0.0574712643678161,0.015015015015015015,0.9894722989867089,0.09090909090909091,0.1212121212121212,0.1515151515151515,0.2727272727272727,0.32575757575757575,0.45454545454545453,0.09090909090909091,0.0303030303030303,,,,,,,,
exiting,0.745,0.7469728876020005,0.6907352941176471,0.9938157894736842,0.04081632653061224,0.09090909090909091,0.02631578947368421,0.8669386680705449,0.0,0.2,0.0,0.2,0.0,0.2,0.0,0.0,,,,,,,,
enclosing,0.7879166666666668,0.788833245475312,0.7723039215686274,0.9936842105263158,0.22580645161290325,0.3571428571428571,0.1650943396226415,0.9830763486206291,0.09836065573770492,0.07377049180327869,0.16666666666666666,0.12568306010928962,0.22950819672131148,0.23770491803278687,0.04371584699453552,0.02185792349726776,,,,,,,,
leaning on,0.7183333333333334,0.7170511975390024,0.7066274509803921,0.9664473684210526,0.05204460966542751,0.11146496815286625,0.03394762366634336,0.9184530872335751,0.06547619047619048,0.05654761904761905,0.13392857142857142,0.12797619047619047,0.14583333333333334,0.21726190476190477,0.03571428571428571,0.02976190476190476,,,,,,,,
